2020-07-14 16:00:13.965000,0.0,0.0,0.0
2020-07-14 16:00:14.362000,0.0,0.0,0.0
2020-07-14 16:00:14.794000,0.0,0.0,0.0
2020-07-14 16:00:15.165000,0.0,0.0,0.0
2020-07-14 16:00:15.566000,0.0,0.0,0.0
2020-07-14 16:00:15.967000,0.0,0.0,0.0
2020-07-14 16:00:16.363000,0.0,0.0,0.0
2020-07-14 16:00:16.773000,0.0,0.0,0.0
2020-07-14 16:00:17.163000,0.0,0.0,0.0
2020-07-14 16:00:17.565000,0.0,0.0,0.0
2020-07-14 16:00:17.965000,0.0,0.0,0.0
2020-07-14 16:00:18.363000,0.0,0.0,0.0
2020-07-14 16:00:18.775000,0.0,0.0,0.0
2020-07-14 16:00:19.166000,0.0,0.0,0.0
2020-07-14 16:00:34.899000,0.0,0.0,0.0
2020-07-14 16:00:35.268000,0.0,0.0,0.0
2020-07-14 16:00:35.675000,0.0,0.0,0.0
2020-07-14 16:00:36.670000,0.0,0.0,0.0
2020-07-14 16:00:36.473000,0.0,0.0,0.0
2020-07-14 16:00:36.867000,0.0,0.0,0.0
2020-07-14 16:00:37.265000,0.0,0.0,0.0
2020-07-14 16:00:37.683000,2.682460185679827,1.7415972094339396,0.04278192347000801
2020-07-14 16:00:38.810000,4.88748607563693,3.1456548813607057,0.09880045703965726
2020-07-14 16:00:38.464000,6.6661733821026585,4.268896344434256,0.21588172845429815
2020-07-14 16:00:38.863000,8.097669904098462,5.167547661426283,0.3357169543189038
2020-07-14 16:00:39.281000,9.208765985272072,5.885678075296082,0.44843338453192766
2020-07-14 16:00:39.664000,10.100448179286827,6.459385114303448,0.5505226686699072
2020-07-14 16:00:40.660000,10.8560126374383,6.91816607400887,0.6406312908536322
2020-07-14 16:00:40.496000,11.42087542539881,7.284439736249138,0.7174025774661194
2020-07-14 16:00:40.865000,11.874430316316964,7.5770535443743094,0.7832558946343274
2020-07-14 16:00:41.265000,12.277928889778963,7.810095001534848,0.8393855212575333
2020-07-14 16:00:41.691000,12.560957663431143,7.996942593093112,0.8858698394284372
2020-07-14 16:00:42.650000,12.827037852952362,8.146258098290385,0.9253458268076736
2020-07-14 16:00:42.462000,13.040044236986159,8.264897869577787,0.9578662879425539
2020-07-14 16:00:42.866000,13.171091394189038,8.359701726443495,0.98469935705165
2020-07-14 16:00:43.264000,13.316093176290158,8.435483986032168,1.0079961472291694
2020-07-14 16:00:43.682000,13.430744445645107,8.457039466048986,1.0178218521921156
2020-07-14 16:00:44.660000,13.52335474066042,8.514076652927743,1.0336183632033658
2020-07-14 16:00:44.462000,13.597457907987618,8.559683337092926,1.0467500145165403
2020-07-14 16:00:44.866000,13.609179084520303,8.565829301394919,1.0087210271502676
2020-07-14 16:00:45.287000,13.666127302716912,8.6003917846406,1.0193520654868815
2020-07-14 16:00:45.703000,13.71025258963382,8.58906031791784,1.0187092204041406
2020-07-14 16:00:46.640000,13.706876558201953,8.618964316987833,1.0263324772810463
2020-07-14 16:00:46.464000,13.743784768336305,8.643683331537476,1.0340048264444897
2020-07-14 16:00:46.865000,13.733872885132266,8.663430461685799,1.040674756066696
2020-07-14 16:00:47.263000,13.766056823057259,8.679225254472554,1.0476563240638588
2020-07-14 16:00:47.699000,13.791803895046204,8.691856825596693,1.0536744688579514
2020-07-14 16:00:48.640000,13.772290634246009,8.701960792672091,1.0589159778247081
2020-07-14 16:00:48.463000,13.790824599411772,8.720273066803705,1.0253417396423659
2020-07-14 16:00:48.864000,13.812456954102442,8.724765648889745,1.030748606133301
2020-07-14 16:00:49.263000,13.829927173003535,8.727782847456087,1.0355268051356763
2020-07-14 16:00:49.696000,13.803626626153417,8.730096209803484,1.0397506611700142
2020-07-14 16:00:50.870000,13.822863959217296,8.732047501042791,1.0447969263086692
2020-07-14 16:00:50.468000,14.894726851527407,8.96783042165644,3.414810382219731
2020-07-14 16:00:50.869000,15.296018447235042,9.228748964782733,3.2625833139724563
2020-07-14 16:00:51.268000,15.135726952174895,9.229126671913868,3.3809523178904692
2020-07-14 16:00:51.717000,15.252759712543973,9.293089167225693,3.3165643173177752
2020-07-14 16:00:52.670000,15.429274958884122,9.447022991843255,3.0711336440211605
2020-07-14 16:00:52.467000,15.604567512131142,9.59914453740631,2.7905972363769376
2020-07-14 16:00:52.867000,15.93401445080099,9.892563700148262,2.895024472046557
2020-07-14 16:00:53.268000,16.521366626583234,10.094268931338798,2.9414483961671065
2020-07-14 16:00:53.667000,16.50773767642674,9.81981302569504,2.881011403695372
2020-07-14 16:00:54.690000,17.241816045485095,10.26190660768099,2.8522745228466886
2020-07-14 16:00:54.466000,17.568892132938583,10.460175494244195,3.0952581181671412
2020-07-14 16:00:54.870000,18.209839871270624,10.818903620675517,3.0957056097488334
2020-07-14 16:00:55.267000,18.72468544321919,11.070409954854316,3.193624101374295
2020-07-14 16:00:55.707000,19.685122319492482,11.291401069196649,3.7163693156569644
2020-07-14 16:00:56.690000,20.128756683193277,11.301270594025373,4.495237655910692
2020-07-14 16:00:56.466000,20.885177315198646,11.582878740921835,5.551292022825467
2020-07-14 16:00:56.869000,21.715803637456286,12.258338427026654,5.2496857415106755
2020-07-14 16:00:57.268000,22.08987929535984,12.449988459942308,5.151539305581786
2020-07-14 16:00:57.668000,22.892538794604963,13.194710878079473,4.329670608075976
2020-07-14 16:00:58.680000,23.795560916595754,12.997210721841512,5.117720252353275
2020-07-14 16:00:58.481000,24.53895389314337,13.230414540488065,5.340253724370648
2020-07-14 16:00:58.868000,25.28426046352527,13.383567924815855,5.401514279231107
2020-07-14 16:00:59.268000,26.19522215590963,13.326708854517904,6.553714423339987
2020-07-14 16:00:59.673000,27.008188556776247,13.292890483669638,7.111361703065945
2020-07-14 16:01:00.770000,27.817150004243228,13.567846256951388,7.135016087756045
2020-07-14 16:01:00.491000,28.550977823750593,13.813542535105295,7.182102390335844
2020-07-14 16:01:00.882000,28.5795822898101,13.941025089046493,6.918592224752274
2020-07-14 16:01:01.268000,28.7575083145768,13.964123705519798,6.645750285332058
2020-07-14 16:01:01.669000,29.32634024711336,14.261599291012951,8.583742422445193
2020-07-14 16:01:02.810000,30.05442618128445,14.68805236006922,12.222149594864666
2020-07-14 16:01:02.470000,31.09730720965308,14.619613842931408,14.431468987654615
2020-07-14 16:01:02.869000,32.32701294749706,14.349709360268033,16.24822956120402
2020-07-14 16:01:03.280000,33.12923603849781,14.247966146442725,17.67896377615014
2020-07-14 16:01:03.666000,34.836672289841594,13.016110109395727,20.37511950084864
2020-07-14 16:01:04.690000,36.31238046947185,12.787894896960356,22.08857991766775
2020-07-14 16:01:04.482000,38.02665620711635,11.754276973810573,24.777535896058286
2020-07-14 16:01:04.868000,41.005840275019104,7.23033644372483,29.380279994611147
2020-07-14 16:01:05.267000,43.553482699804285,1.5144457295100344,36.534891659160635
2020-07-14 16:01:05.668000,40.86953925835937,6.588121671671973,26.126809556909517
2020-07-14 16:01:06.680000,39.28936918307869,8.234062326661263,19.92932461524659
2020-07-14 16:01:06.490000,47.71621206265394,3.347336530263049,15.689789812696318
2020-07-14 16:01:06.867000,50.31088915527117,-4.721966579673739,12.656257219743022
2020-07-14 16:01:07.268000,51.8843134368281,-13.933881199901583,9.310202599697035
2020-07-14 16:01:07.670000,51.238061583778766,7.513904353205063,-5.33036695911096
2020-07-14 16:01:08.680000,49.500800300168095,11.595371080047247,-12.423465554757502
2020-07-14 16:01:08.493000,47.2933071566389,13.543184605772225,-33.85234362692153
2020-07-14 16:01:08.868000,52.755333026146445,16.82625837621681,-27.02451866090126
2020-07-14 16:01:09.266000,59.135695657844266,7.535806618484021,-31.44352183668047
2020-07-14 16:01:09.669000,52.92878497788797,-16.791235192089854,-9.61042194586283
2020-07-14 16:01:10.680000,56.23371524373405,-11.078527201546269,-6.33501300873749
2020-07-14 16:01:10.475000,67.87345016864866,-32.629485286902195,-9.14540673554379
2020-07-14 16:01:10.867000,-10.887057417154288,-66.97716424819595,63.48269895201158
2020-07-14 16:01:11.267000,49.92988162836522,-35.886559012388545,2.931158148953745
2020-07-14 16:01:11.668000,33.486543411503604,-37.18309335496458,16.329542966631504
2020-07-14 16:01:12.670000,30.82265056462923,-14.385022540164345,13.399075433084885
2020-07-14 16:01:12.505000,36.281543530833254,-0.6641790601095507,6.745017605236004
2020-07-14 16:01:12.867000,32.76410320766828,-15.012058169695893,35.83866556969068
2020-07-14 16:01:13.266000,52.084709805783824,8.342111835023712,27.000300699504958
2020-07-14 16:01:13.677000,47.53476876206998,14.902206458199043,3.797221911227577
2020-07-14 16:01:14.670000,29.25697707158462,32.66662570163004,0.9312511278942186
2020-07-14 16:01:14.510000,-11.979276392418011,22.496510371576985,-86.44655873876806
2020-07-14 16:01:14.875000,-5.757091341715139,-6.889375947533283,-157.7474525521967
2020-07-14 16:01:15.271000,-1.0109134320114872,-6.1478170911376235,-90.31047596616418
2020-07-14 16:01:15.668000,-3.7352027394778533,-0.14148634618952557,-44.51522245049873
2020-07-14 16:01:16.690000,-10.59049846853761,6.9311232911143765,-2.5362849568689247
2020-07-14 16:01:16.468000,-1.7395561603446534,-11.38685599136821,13.751757953949735
2020-07-14 16:01:16.868000,-1.811451613702958,1.5313153504431016,-1.97753948466131
2020-07-14 16:01:17.281000,6.1799096325025085,-8.621333362036637,-7.587809850042405
2020-07-14 16:01:17.675000,12.637814187368022,1.4118327059049545,-41.95333778858093
2020-07-14 16:01:18.700000,16.72092501904563,-13.731590436016075,-0.04575603462589398
2020-07-14 16:01:18.471000,12.115874259613944,-5.752364481175382,10.089449158884099
2020-07-14 16:01:18.869000,13.228669021439977,-3.9164550747962585,18.45948363675027
2020-07-14 16:01:19.285000,11.877408422391865,-3.4422898140135794,17.293793166012897
2020-07-14 16:01:19.669000,13.595295516849548,-3.9561714531880297,20.38773451775737
2020-07-14 16:01:20.690000,15.333521979250174,-3.763516574536596,21.19252536358525
2020-07-14 16:01:20.467000,17.704525430827037,-7.168053495542318,27.8363605393591
2020-07-14 16:01:20.868000,17.576713303251665,-6.532618540350917,31.997342295460566
2020-07-14 16:01:21.287000,21.556507181135977,-3.997934332347672,26.868947750321148
2020-07-14 16:01:21.668000,22.391115522393036,-0.015711968863798238,18.535478977010907
2020-07-14 16:01:22.690000,22.660671214776148,-5.468661397142218,26.54617490973006
2020-07-14 16:01:22.467000,21.72695963014598,-5.977177219340642,28.151975555697664
2020-07-14 16:01:22.867000,20.552576516730536,-6.483315236299694,34.24607457034277
2020-07-14 16:01:23.266000,19.6374955245439,-7.0871804281368895,42.81444349706418
2020-07-14 16:01:23.668000,17.921275240256378,-6.390517794323803,47.52887420470668
2020-07-14 16:01:24.690000,16.62854476780999,-5.421969425660322,50.054382635475704
2020-07-14 16:01:24.468000,15.078651213002281,-4.349501833393109,51.43018767254746
2020-07-14 16:01:24.867000,14.396302904654505,-3.4870823146074734,52.2610114443337
2020-07-14 16:01:25.289000,13.655398339898579,-3.16261763866031,52.84712873591099
2020-07-14 16:01:25.668000,11.754049287080504,-3.5848791348875273,58.1216216569677
2020-07-14 16:01:26.660000,12.06802205687046,-2.2812966189335997,56.36077480729759
2020-07-14 16:01:26.467000,11.225972127800091,-1.0043455179782554,54.84140184935859
2020-07-14 16:01:26.867000,10.689999130572488,-0.53977231831275,53.92057057117601
2020-07-14 16:01:27.307000,9.908911316852546,0.19206259106345797,53.456922045351874
2020-07-14 16:01:27.676000,9.065679102844545,0.06825655609065157,51.70891959451412
2020-07-14 16:01:28.650000,8.22973823284965,0.11566846528730261,51.276491574192484
2020-07-14 16:01:28.466000,8.036495628478688,-0.11256985925222543,51.77070438839718
2020-07-14 16:01:28.876000,7.504484866082536,0.02191116752380015,52.14372210315643
2020-07-14 16:01:29.292000,7.087905932881432,0.23165272996016142,52.36306410557658
2020-07-14 16:01:29.667000,6.342285980597431,0.5991175450565152,52.519409413559494
2020-07-14 16:01:30.660000,5.666839399164913,0.844233919541336,52.58434040580835
2020-07-14 16:01:30.466000,5.013026249312569,1.1411391151488124,52.6165767459039
2020-07-14 16:01:30.865000,4.5895050076979595,1.3526211874870597,52.60542193954611
2020-07-14 16:01:31.269000,4.368485742817705,3.1608613310288804,52.88343524530031
2020-07-14 16:01:31.668000,4.3046681865265946,1.7308798700942263,75.95668077162695
2020-07-14 16:01:32.690000,4.406712580913888,-2.289495422344368,99.52921124544802
2020-07-14 16:01:32.466000,7.533356981916463,2.095919642840028,78.1782104359024
2020-07-14 16:01:32.866000,9.190700487303355,2.8940756971479566,76.89326159393978
2020-07-14 16:01:33.267000,9.995237928639037,3.71948485984591,71.14060212763275
2020-07-14 16:01:33.667000,12.270965069955478,2.4876549935784116,75.34183721101199
2020-07-14 16:01:34.740000,15.278586627614754,2.673561467623207,69.33519107621792
2020-07-14 16:01:34.467000,18.73972077968976,2.5032155624894594,68.29724568150296
2020-07-14 16:01:34.867000,21.439054109757084,6.82100305449497,56.35946926717937
2020-07-14 16:01:35.264000,12.02611493481146,6.031646044347402,54.28529766378715
2020-07-14 16:01:35.667000,15.032859795749092,4.296431769673348,53.68404614292422
2020-07-14 16:01:36.650000,15.29265524582188,12.37125512143812,69.19725303164957
2020-07-14 16:01:36.466000,14.074004003650876,15.835321282080704,61.670136437105626
2020-07-14 16:01:36.866000,17.291456382726377,12.356899301862896,71.88009718178239
2020-07-14 16:01:37.271000,19.03841156224485,8.505583192915818,79.37593080057107
2020-07-14 16:01:37.667000,22.532744022793867,6.124835856312253,85.13170688730033
2020-07-14 16:01:38.106000,25.980086979321378,2.5534384699072867,89.8140356337343
2020-07-14 16:01:38.469000,27.39023072172598,1.417233508833512,92.73164268821648
2020-07-14 16:01:38.874000,28.956217804224536,1.2151657835812775,92.5168876253097
2020-07-14 16:01:39.269000,30.462911742085605,1.1608577538330882,93.98247478570173
2020-07-14 16:01:39.668000,31.787363969205938,-0.8321917498320952,96.30256699662922
2020-07-14 16:01:40.960000,33.309246449185665,3.3108580137915005,89.1637658423997
2020-07-14 16:01:40.468000,34.09044857446009,-1.3654031840950636,90.67213140427039
2020-07-14 16:01:40.888000,35.84584388450281,1.399967314527751,85.63287384422867
2020-07-14 16:01:41.268000,34.88897262529434,-2.053439143025953,88.02498695421767
2020-07-14 16:01:41.671000,36.52376154528857,-11.197541154315072,89.9636343499863
2020-07-14 16:01:42.930000,41.230641397422474,3.08292425761652,72.77284322118638
2020-07-14 16:01:42.467000,36.16847195813087,1.4554039273950283,69.04802277050663
2020-07-14 16:01:42.876000,36.90511498133102,0.48619380962693753,67.72821908778201
2020-07-14 16:01:43.268000,35.993602828157904,-2.1901067209685943,67.54434151204104
2020-07-14 16:01:43.668000,33.459998339233294,-4.6556215832305,65.13548742213327
2020-07-14 16:01:44.114000,33.42220556438558,-7.306862891899119,66.49312727978784
2020-07-14 16:01:44.467000,32.21778826296074,-10.661440067548153,65.98830434574643
2020-07-14 16:01:44.870000,32.11934544553152,-13.283234699201453,68.44364811777274
2020-07-14 16:01:45.267000,31.94049680260018,-14.829865774965784,66.70260842352633
2020-07-14 16:01:45.668000,32.092964889768304,-16.388911052425602,67.17722322167656
2020-07-14 16:01:46.660000,31.994528513207094,-17.83174268695731,67.70309754282457
2020-07-14 16:01:46.467000,31.18889330599606,-19.505218133647865,68.29191045032779
2020-07-14 16:01:46.867000,34.12839883503366,-11.26428263632995,60.02100839980784
2020-07-14 16:01:47.267000,29.853719280574012,-19.830031871820147,62.62069986068117
2020-07-14 16:01:47.667000,31.405879456734514,-17.480851129633233,59.0910155089028
2020-07-14 16:01:48.107000,37.66023834211559,-13.029860995872706,48.38218840573518
2020-07-14 16:01:48.466000,36.018229515689406,-16.937413489901523,42.66321889511274
2020-07-14 16:01:48.866000,31.427911812617015,-17.31006404913385,41.20060556636707
2020-07-14 16:01:49.267000,32.657186087717136,-16.969922172298357,39.68135915221434
2020-07-14 16:01:49.668000,32.33294125584781,-12.71874159994674,37.72428378549074
2020-07-14 16:01:50.870000,30.234529897002282,-10.826458815951284,32.38798260224448
2020-07-14 16:01:50.466000,32.0144585263188,-9.408234937812846,28.32609905972688
2020-07-14 16:01:50.885000,30.854196771183094,-10.836425295331136,25.536485048655926
2020-07-14 16:01:51.267000,27.54370497147906,-10.294117497229196,23.809855970175597
2020-07-14 16:01:51.665000,25.954601137667314,-8.088273993105549,18.739939428876937
2020-07-14 16:01:52.730000,24.41306851460866,-5.836179459778325,13.04436111275802
2020-07-14 16:01:52.466000,20.976496035718295,-8.654815224409022,16.22676919001501
2020-07-14 16:01:52.880000,17.38899001450229,-11.760516887726101,26.93428649843274
2020-07-14 16:01:53.266000,14.044664960060935,-12.168991416636342,33.17278687262879
2020-07-14 16:01:53.667000,11.239706239898185,-10.246517313782904,36.02625227229952
2020-07-14 16:01:54.680000,9.050235678612772,-8.08541745714091,36.8810244157828
2020-07-14 16:01:54.473000,7.170618897549621,-6.067964518520005,37.65361728618599
2020-07-14 16:01:54.881000,5.482939951522937,-5.359214731147319,38.60221845685986
2020-07-14 16:01:55.268000,4.226627592072918,-4.495180498613092,38.52383053412718
2020-07-14 16:01:55.672000,3.138081740928518,-3.297056389292117,38.44449202443
2020-07-14 16:01:56.680000,2.0962176119321736,-2.118478892642414,39.422679098924085
2020-07-14 16:01:56.468000,0.144274878918887,-1.8095361919138042,46.00110127010758
2020-07-14 16:01:56.885000,0.035462820535135504,-0.6511607858311413,44.17576337258747
2020-07-14 16:01:57.268000,-0.5821230944333068,0.36839234729638226,43.858984956188245
2020-07-14 16:01:57.666000,-0.912040583193637,1.2503015684523058,44.33650981090656
2020-07-14 16:01:58.720000,-1.4068327408050654,1.001611438675013,42.578831243883435
2020-07-14 16:01:58.466000,-1.5467057293701876,1.892744638806089,40.72749403977269
2020-07-14 16:01:58.880000,-1.9735649272499798,2.7501633229604145,39.82572164566357
2020-07-14 16:01:59.266000,-2.414102565607027,3.6145839874661667,39.31504624499486
2020-07-14 16:01:59.667000,-2.861035695030351,4.1051179607842005,38.97214804007548
2020-07-14 16:02:00.660000,-3.1812766036950677,4.731629105838248,38.82298864082158
2020-07-14 16:02:00.466000,-3.526626692097699,5.293044618747454,38.71177665126251
2020-07-14 16:02:00.878000,-2.7682202968468412,6.5827051302556505,38.96594131573717
2020-07-14 16:02:01.267000,-0.041364750758123424,6.413462346668571,60.53466967610696
2020-07-14 16:02:01.668000,0.3377926326321841,3.6101657863715926,89.31305362109694
2020-07-14 16:02:02.680000,0.7865220404466848,4.115311703214482,56.0181497476435
2020-07-14 16:02:02.466000,2.9799734689052686,7.145422595711155,8.638439404535385
2020-07-14 16:02:02.902000,1.4144987775221796,7.464864799191158,12.454351241579834
2020-07-14 16:02:03.277000,6.699498715736299,5.174003535036957,15.712563416957256
2020-07-14 16:02:03.665000,5.042894427059197,6.792785252465366,13.67007416553134
2020-07-14 16:02:04.660000,10.571893883966583,6.1887745692394445,19.246265853718064
2020-07-14 16:02:04.465000,11.119713454557571,4.525350550825144,21.044227270186894
2020-07-14 16:02:04.901000,10.521613692832128,2.7801408005831947,27.33595108245952
2020-07-14 16:02:05.266000,10.861226589923117,2.687832111389122,30.306117371855002
2020-07-14 16:02:05.665000,12.06115474607256,-4.19031633783613,20.399636117663857
2020-07-14 16:02:06.700000,12.46088150712937,-8.610868395393059,24.81352722719325
2020-07-14 16:02:06.465000,10.572649595030896,-7.979156571580514,26.985691845397312
2020-07-14 16:02:06.900000,14.486998788792361,-6.184470803675762,20.739151344452313
2020-07-14 16:02:07.267000,15.600960652467021,-6.073228689298522,22.817781257097618
2020-07-14 16:02:07.666000,9.717654539275053,-10.099959034527668,43.71633927897078
2020-07-14 16:02:08.660000,15.675014541165071,-5.887268957776618,29.755552234551093
2020-07-14 16:02:08.466000,16.326952995132814,-4.849456509782277,20.98134140834158
2020-07-14 16:02:08.923000,17.362126481928755,-4.639009978683207,18.081543250907675
2020-07-14 16:02:09.266000,17.368594867195313,-8.29638105331076,17.947730138775242
2020-07-14 16:02:09.668000,16.003788231020295,-7.930388798744646,17.39459992535784
2020-07-14 16:02:10.650000,16.25758632715487,-9.894285390966555,14.900088763313253
2020-07-14 16:02:10.468000,16.76321305419181,-12.575749804987002,13.356859565075325
2020-07-14 16:02:10.867000,16.91378904326001,-15.544910581939009,12.082019585189391
2020-07-14 16:02:11.267000,17.089885213994176,-18.333067263631637,12.070891814885815
2020-07-14 16:02:11.679000,17.011289925368946,-20.911167953536776,12.376313185630385
2020-07-14 16:02:12.850000,17.241740085161393,-22.963821881057218,11.88644124216454
2020-07-14 16:02:12.467000,18.378103275853967,-24.619136909001654,10.49962568902984
2020-07-14 16:02:12.906000,18.05476395282713,-26.291148131169102,11.130831306418893
2020-07-14 16:02:13.267000,18.287576363201005,-27.358281443487034,11.782802700976692
2020-07-14 16:02:13.672000,18.871619682369428,-28.165367003943878,11.898038634982932
2020-07-14 16:02:14.670000,20.835049736020355,-27.709846726976394,8.981355611665373
2020-07-14 16:02:14.467000,15.035728253818341,-30.33395416208118,20.713286071081804
2020-07-14 16:02:14.866000,21.495786920913346,-29.757949797501762,15.010755789322431
2020-07-14 16:02:15.267000,23.451446191029397,-29.204307170474205,13.038294224493928
2020-07-14 16:02:15.673000,24.059084830269846,-29.458465613316264,15.493814456607296
2020-07-14 16:02:16.670000,25.284934557008015,-28.832300698697583,15.765116475012768
2020-07-14 16:02:16.471000,25.978289309446712,-27.532330559380227,17.15531241899121
2020-07-14 16:02:16.867000,25.258253584318886,-26.534923653581757,19.2739080579193
2020-07-14 16:02:17.267000,27.17318425774955,-23.766564188639826,20.26885799859788
2020-07-14 16:02:17.687000,27.6099721125711,-22.000140444163037,30.630800367104193
2020-07-14 16:02:18.670000,28.24070005823701,-20.74461722106338,36.32728279639796
2020-07-14 16:02:18.466000,16.38827555315083,-24.186149224440705,58.09158185490696
2020-07-14 16:02:18.868000,12.687624067004114,-19.408877289866084,70.28021648627204
2020-07-14 16:02:19.266000,7.058041133356111,-18.846778195996936,81.18794887719838
2020-07-14 16:02:19.689000,11.078693650991916,-18.17559603180593,82.57590541636834
2020-07-14 16:02:20.710000,8.58784479597814,-24.379362063546214,94.6633889553865
2020-07-14 16:02:20.470000,0.6318835760767059,-23.47946831584055,110.56638174136717
2020-07-14 16:02:20.867000,-5.6438184866858245,-23.020866076467307,127.55903020073951
2020-07-14 16:02:21.267000,-2.623762721954681,-19.60342031891736,125.48428947186903
2020-07-14 16:02:21.766000,-0.21707286401511935,-17.663509796451656,119.14962244047761
2020-07-14 16:02:22.202000,0.36021662582252323,-16.538303359158963,113.94001180438514
2020-07-14 16:02:22.568000,0.4463081052198157,-14.29903454926816,106.00079262594267
2020-07-14 16:02:22.967000,0.017120382590752194,-11.778818929204524,101.84323065393463
2020-07-14 16:02:23.373000,-0.4701131595934001,-10.546134353488679,99.9924309866284
2020-07-14 16:02:23.767000,-1.1302026176151516,-9.053064615813106,99.29602310018497
2020-07-14 16:02:24.190000,-1.4803104309594484,-7.240481530687254,99.2908352194315
2020-07-14 16:02:24.574000,-2.410560621650209,-5.932846869178129,100.95307023425586
2020-07-14 16:02:24.965000,-1.6990585832878353,-2.868006130412645,97.69551247353054
2020-07-14 16:02:25.367000,-2.5649923363316036,-3.4790492625836444,93.9342672864487
2020-07-14 16:02:25.770000,-2.829878979753971,-2.767455240355463,94.42011606209664
2020-07-14 16:02:26.188000,-2.8316866557874842,-1.9529037723390161,92.07194426071743
2020-07-14 16:02:26.566000,-2.5037387151957136,-1.1934191257805846,88.59038385239515
2020-07-14 16:02:26.980000,-2.669022866476167,-1.0458187914771488,86.57131622373323
2020-07-14 16:02:27.367000,-3.1853279387335522,-1.2459959881391538,85.56563856502983
2020-07-14 16:02:27.766000,-3.4705018879533283,-1.5527104421037432,85.00451305640361
2020-07-14 16:02:28.199000,-3.8423652637948966,-2.018198367647039,84.69669291189291
2020-07-14 16:02:28.565000,-4.07663046097178,-2.4043529075689127,84.54904306454512
2020-07-14 16:02:28.966000,-5.443720404921835,-2.9268939797334226,84.50171488333972
2020-07-14 16:02:29.368000,-5.4552723453729435,-3.666773789644857,70.77545717513443
2020-07-14 16:02:29.767000,-5.38868874941003,-4.9746639622743976,67.81813734720869
2020-07-14 16:02:30.191000,-5.934423609965505,-5.344635345092241,76.25180280944225
2020-07-14 16:02:30.567000,-5.435269800393377,-6.9410660273441405,77.78903324183439
2020-07-14 16:02:30.968000,-3.1554369497194426,-9.368611996569928,76.37381791614109
2020-07-14 16:02:31.366000,-0.3951417335432693,-12.531591907239763,69.21378859153415
2020-07-14 16:02:31.775000,7.588505804602049,-15.242362020882881,59.802101422804974
2020-07-14 16:02:32.190000,12.299666476544795,-16.460703571936754,52.935262229890256
2020-07-14 16:02:32.566000,10.992406901417189,-18.189001165558743,61.26383512845681
2020-07-14 16:02:32.966000,3.9179021433556307,-15.2456146777484,76.56544841012386
2020-07-14 16:02:33.366000,3.7638495994799697,-13.284971362282628,83.84435115283529
2020-07-14 16:02:33.767000,11.272424553358379,-5.198898131886595,100.85212027167346
2020-07-14 16:02:34.170000,17.207839589846262,-5.7284905762373,105.09585577283447
2020-07-14 16:02:34.567000,22.76578137110863,1.7152256791885814,93.01799227012032
2020-07-14 16:02:34.973000,25.26563691515352,-6.372786704782483,103.81764154473893
2020-07-14 16:02:35.374000,24.578211280576753,-4.2881736656182134,106.67203018614606
2020-07-14 16:02:35.805000,26.043105410837516,-5.678799392745937,107.21457074313558
2020-07-14 16:02:36.206000,29.37269196480506,-5.4763420913299745,108.376957497981
2020-07-14 16:02:36.566000,31.82601276262027,-5.730885805549131,107.80833166889315
2020-07-14 16:02:36.964000,32.800659284098984,-5.426498031539386,108.47383514038533
2020-07-14 16:02:37.367000,34.2934453568856,-5.726707323139298,108.75408342181139
2020-07-14 16:02:37.766000,36.362497755828194,-5.750208325349354,109.58568951515444
2020-07-14 16:02:38.205000,37.68828348968258,-6.9601985594754305,109.14710244123337
2020-07-14 16:02:38.566000,38.40379467772621,-7.229675897193075,109.27827042686866
2020-07-14 16:02:38.963000,39.967474774738,-7.1551873622758135,108.12361534809284
2020-07-14 16:02:39.365000,39.59068459384448,-10.482595579848859,109.32269697186997
2020-07-14 16:02:39.765000,39.35526698357075,-12.735934099896829,112.88526536782014
2020-07-14 16:02:40.164000,23.534772393026945,-35.12832448757829,147.92896079400518
2020-07-14 16:02:40.569000,33.46739004125181,-25.089849423078224,139.35130790258196
2020-07-14 16:02:40.971000,36.97785386084429,-18.4074492148353,131.84497580851263
2020-07-14 16:02:41.366000,39.253200401964754,-16.870958635081795,129.00627599786267
2020-07-14 16:02:41.766000,40.78481934216879,-19.355807167643952,130.1117476619089
2020-07-14 16:02:42.173000,41.76804007740838,-12.429640307951324,123.38060540657554
2020-07-14 16:02:42.568000,38.1153754100207,-11.256816335006219,122.55190521098409
2020-07-14 16:02:42.983000,36.23424403406409,-13.096689692375591,124.14702433446472
2020-07-14 16:02:43.377000,36.646062798397736,-2.278791797918377,109.99630446048782
2020-07-14 16:02:43.766000,33.61477600949252,-5.216204800533739,111.49824682347838
2020-07-14 16:02:44.168000,28.786163765853715,-7.366880104354933,114.30401577638925
2020-07-14 16:02:44.567000,27.775275543350553,-8.666204609850379,114.66945106632741
2020-07-14 16:02:44.968000,27.058766945294963,-9.075394358986326,115.93849850255364
2020-07-14 16:02:45.367000,26.89791118337124,-11.88139544477383,119.82874402641345
2020-07-14 16:02:45.767000,25.186645636614585,-11.847556880025833,108.16826811406908
2020-07-14 16:02:46.166000,24.55547244769586,-11.08986744676937,101.66564022706625
2020-07-14 16:02:46.566000,19.835851006263432,-3.011431491078047,91.69962677846844
2020-07-14 16:02:47.600000,15.13025667487213,0.8616457805241815,84.60098750225359
2020-07-14 16:02:47.366000,11.497500830955964,0.34263724639503573,88.0418827598289
2020-07-14 16:02:47.766000,15.9999996043888,-1.3080466450636763,88.27503389924104
2020-07-14 16:02:48.168000,16.649066105356155,-2.4233861600009146,90.94043908085355
2020-07-14 16:02:48.567000,13.964517214513403,-7.765421759346401,106.13900623093299
2020-07-14 16:02:48.994000,16.574377316841698,-4.238393500968609,103.79541534467208
2020-07-14 16:02:49.370000,17.877228919428976,4.075985459328367,89.03272356133002
2020-07-14 16:02:49.767000,18.989449588308585,1.1811506900087414,92.68934215442899
2020-07-14 16:02:50.165000,15.035817133055803,-8.220387163489022,115.90020447181706
2020-07-14 16:02:50.566000,15.680979818348492,-3.6203142859923982,103.81576074643904
2020-07-14 16:02:50.968000,15.737802293281657,-1.7412018479223037,98.06615307160256
2020-07-14 16:02:51.366000,13.87908692684142,0.2736693067000437,94.9458654301918
2020-07-14 16:02:51.766000,12.240025605125382,1.5400533234790237,93.23929272237012
2020-07-14 16:02:52.165000,11.141835598442581,2.2712814895490983,92.26498297506457
2020-07-14 16:02:52.566000,9.542432026172746,3.27596487706033,91.681976933643
2020-07-14 16:02:52.987000,8.842116045236548,3.6340519133258056,91.38667148377478
2020-07-14 16:02:53.365000,8.019477327446396,4.119064266919061,91.20355217358524
2020-07-14 16:02:53.764000,6.847630792331819,1.497559456654251,89.78270430986863
2020-07-14 16:02:54.165000,6.260035517309191,0.5894541538927652,86.86881547955582
2020-07-14 16:02:54.566000,6.039643722242635,0.5458241228654892,85.25123662677005
2020-07-14 16:02:55.600000,7.795967339190337,7.711001405622054,41.01387193901887
2020-07-14 16:02:55.366000,8.08079502489287,4.010423461827294,61.2776285585463
2020-07-14 16:02:55.764000,9.78085132815993,-0.31184784050901615,71.58738445523434
2020-07-14 16:02:56.172000,9.574080068348032,-3.2829624511114575,79.39810359791703
2020-07-14 16:02:56.568000,8.407308203586563,-1.85459440389087,76.54417925734245
2020-07-14 16:02:56.989000,8.316677387033005,-6.173810743004875,85.7503102700551
2020-07-14 16:02:57.373000,8.59775205561096,-1.930991627413308,79.69235230841157
2020-07-14 16:02:57.765000,8.171789512263597,-1.1461608283326732,79.62126979107639
2020-07-14 16:02:58.167000,8.61782541584807,-2.009841312188555,79.6736303434183
2020-07-14 16:02:58.567000,4.321756698643856,-5.113276370623659,83.365910370201
2020-07-14 16:02:58.999000,7.59136229360886,-8.74900493021519,75.36907798254747
2020-07-14 16:02:59.367000,7.589275553590678,-9.011917974896367,70.04927260603687
2020-07-14 16:02:59.773000,8.677918592833818,-11.183884695548608,66.23109574326747
2020-07-14 16:03:00.166000,9.477815995414453,-13.426459441268142,64.31493378938835
2020-07-14 16:03:00.566000,9.348594562213496,-14.676209365338709,64.3022505264585
2020-07-14 16:03:01.150000,10.191161807762885,-15.449092849839168,62.95246133649632
2020-07-14 16:03:01.366000,9.094034375611747,-17.150312701083426,60.928140519919026
2020-07-14 16:03:01.765000,10.154970057577525,-18.162038212467877,58.17596444567771
2020-07-14 16:03:02.172000,9.586795340843556,-20.09272326280435,58.84398009377136
2020-07-14 16:03:02.567000,9.434453497502448,-21.616647305766957,57.874383091304985
2020-07-14 16:03:03.300000,23.912903474192508,-14.844093441628372,28.558090409072637
2020-07-14 16:03:03.368000,21.111260984020205,-25.439078890028853,39.36469943786862
2020-07-14 16:03:03.765000,15.941043880715979,-30.060282165318263,49.04889541668569
2020-07-14 16:03:04.167000,15.005098091398919,-32.69903684724164,53.96594535649722
2020-07-14 16:03:04.566000,14.78615423927862,-34.16071749932178,52.62489826437993
2020-07-14 16:03:05.100000,23.118009061500594,-28.008641349555337,42.682202321643125
2020-07-14 16:03:05.367000,25.648465655225472,-31.883720611345968,43.04053473224155
2020-07-14 16:03:05.765000,23.241486103024528,-31.92243835190939,49.285143449459056
2020-07-14 16:03:06.166000,25.41891339210933,-30.36849536096896,49.74764416815167
2020-07-14 16:03:06.566000,18.196294040974784,-28.65506194269708,63.06843159183784
2020-07-14 16:03:06.964000,18.860171623047247,-25.480057829513424,67.05836789556233
2020-07-14 16:03:07.366000,23.965526092147034,-25.725670331699945,64.84463264120434
2020-07-14 16:03:07.800000,29.066732590401642,-25.21137272778211,66.16008640451595
2020-07-14 16:03:08.166000,32.13566163780844,-23.548728671240116,64.16756485230711
2020-07-14 16:03:08.565000,32.98260340836828,-20.33912254629966,64.63882882324224
2020-07-14 16:03:08.964000,35.36692690498401,-18.182622560868715,62.93076534436525
2020-07-14 16:03:09.365000,34.914121484469746,-17.75134108429148,67.46173982415684
2020-07-14 16:03:09.766000,33.82391579589812,-18.359834870323876,70.30657769436563
2020-07-14 16:03:10.169000,30.04457004526619,-18.753496843136382,78.65652736153014
2020-07-14 16:03:10.565000,33.27464361417309,-14.823475301082496,84.4628553116105
2020-07-14 16:03:11.500000,35.54113668011916,-12.57963493782923,87.71910867258455
2020-07-14 16:03:11.365000,23.43930354485704,-14.301103706736843,107.75835257220828
2020-07-14 16:03:11.763000,22.044363709723697,-13.48795702325789,110.73442420661597
2020-07-14 16:03:12.168000,23.560782106041678,-14.22569875693785,116.0745134109927
2020-07-14 16:03:12.567000,18.68897822780114,-16.53251139023901,134.02987848209457
2020-07-14 16:03:13.100000,19.085125982784863,-18.497648597318392,142.04569196326042
2020-07-14 16:03:13.367000,8.716172304910469,-24.671405887654597,170.35978383613187
2020-07-14 16:03:13.768000,3.5123685373205467,-23.96485682141382,-172.01771907876372
2020-07-14 16:03:14.167000,-0.1474629815711121,-23.234950339276605,-155.8128869058066
2020-07-14 16:03:14.567000,-4.145270408089411,-19.897319022118406,-138.97429895832448
2020-07-14 16:03:15.100000,-0.24332935389951305,-18.558601725649766,-144.3439597103515
2020-07-14 16:03:15.366000,3.647959351838142,-16.94248233391846,-155.9485920642164
2020-07-14 16:03:15.772000,3.9144440374022,-14.695217009151527,-161.96382426682888
2020-07-14 16:03:16.184000,5.466686560861213,-11.521956855423797,-177.4457758137391
2020-07-14 16:03:16.566000,6.554851467363802,-10.037100939956822,168.69903194691233
2020-07-14 16:03:17.600000,7.521464694452613,-9.499876796432162,155.8427840356198
2020-07-14 16:03:17.370000,6.968108743518607,-8.424934854505878,153.1897759643521
2020-07-14 16:03:17.768000,4.41908727342952,-9.177179563338347,158.21301180720673
2020-07-14 16:03:18.165000,4.0639894172998945,-11.770805033023656,162.99550788038374
2020-07-14 16:03:18.566000,9.79994898315114,-9.2116762931563,145.20266766590697
2020-07-14 16:03:18.964000,2.2984623955020735,-12.675284485672684,171.67248513533366
2020-07-14 16:03:19.366000,2.0459973866824663,-16.09229172269159,-175.22106748977987
2020-07-14 16:03:19.764000,-0.29327545043321124,-15.899387839747583,-164.29213916327086
2020-07-14 16:03:20.166000,11.7188281133964,-11.05948137989636,-174.80747479234503
2020-07-14 16:03:20.566000,6.686506151751066,-7.58259055303726,-167.28748157656028
2020-07-14 16:03:20.964000,44.84343998206894,-21.07066618659302,-161.86435482109562
2020-07-14 16:03:21.366000,34.053572965277574,-21.302387927982267,-155.0509264622104
2020-07-14 16:03:21.764000,-31.78073374011401,-42.25575135764699,-64.0162667614144
2020-07-14 16:03:22.166000,-42.8574351593279,27.618105430076998,-21.70920557692462
2020-07-14 16:03:22.566000,-45.418074917963786,-45.678951603320485,-85.05632269025065
2020-07-14 16:03:22.972000,-87.46839495214755,-55.92218187428732,-77.47727730605763
2020-07-14 16:03:23.365000,-73.7522172343682,-47.01800548317448,-74.33026089082034
2020-07-14 16:03:23.765000,-75.3978101140449,-45.07302165967816,-63.99951434676867
2020-07-14 16:03:24.166000,-82.47709886792866,-43.32271420136537,-58.24796315729506
2020-07-14 16:03:24.565000,-92.28811359815549,-43.563456199249686,-49.4653448075023
2020-07-14 16:03:25.600000,-98.46649517051593,-33.121149184263324,-41.65339736715787
2020-07-14 16:03:25.373000,-107.57312317862325,-23.983588856473425,-37.40531324682243
2020-07-14 16:03:25.764000,-113.78244449279809,-15.77254243018607,-35.17906051016258
2020-07-14 16:03:26.165000,-120.67252271723135,-7.785360791268687,-35.37761767077253
2020-07-14 16:03:26.573000,-126.52014112165983,-1.4053797407403434,-37.096774990278576
2020-07-14 16:03:26.965000,-132.35341466435185,3.23091872931038,-38.54904275918188
2020-07-14 16:03:27.365000,-138.75804165413643,-9.17371890029784,-23.113443387239982
2020-07-14 16:03:27.779000,-145.5781240786311,-11.517103369661566,-15.10999988430832
2020-07-14 16:03:28.164000,-151.0693492219071,-10.89253628748726,-9.991188718832325
2020-07-14 16:03:28.566000,-155.48711426548869,-9.375967131078506,-6.965925115014639
2020-07-14 16:03:28.969000,-159.00380196808263,-7.633235579500436,-5.201341099297317
2020-07-14 16:03:29.366000,-161.79679041150413,-6.064783675159655,-4.1639551628800175
2020-07-14 16:03:29.785000,-164.0857579409495,-4.657222571193035,-3.582830545639243
2020-07-14 16:03:30.168000,-165.9376218460811,-3.5163895980923905,-3.208876081454291
2020-07-14 16:03:30.566000,-167.51716928540708,-2.611290383026959,-2.974489108964049
2020-07-14 16:03:30.968000,-168.75428010900055,-1.8247273456423354,-2.842594314446432
2020-07-14 16:03:31.370000,-169.75431302045365,-1.1767099796913398,-2.8114626110972507
2020-07-14 16:03:31.772000,-170.56353072158666,-0.7115038798156637,-2.722088226388873
2020-07-14 16:03:32.166000,-171.2157054994628,-0.34378792668401564,-2.6002606876905836
2020-07-14 16:03:32.571000,-171.65835539563494,0.03160162249100163,-2.4702470430655294
2020-07-14 16:03:32.967000,-172.0918005593192,0.2258590000057737,-2.4402269910715964
2020-07-14 16:03:33.366000,-172.4369721672249,0.4320082737425521,-2.484782548557149
2020-07-14 16:03:33.792000,-172.67219829515815,0.6018948056445161,-2.5695662156955894
2020-07-14 16:03:34.164000,-172.89745678698822,0.7324077857855662,-2.6148098299778573
2020-07-14 16:03:34.564000,-173.07433527399903,0.8373342538810788,-2.659868027454939
2020-07-14 16:03:34.963000,-173.25316278649635,0.9623526611651333,-2.6998918149532116
2020-07-14 16:03:35.364000,-173.39295446314267,1.0198245784849505,-2.7044700516331748
2020-07-14 16:03:35.794000,-173.4625010897972,1.0686104704896087,-2.7085654362685068
2020-07-14 16:03:36.163000,-173.51458647226113,1.105174045066756,-2.6725399909089704
2020-07-14 16:03:36.562000,-173.5535935484096,1.1410587616276104,-2.676132237212774
2020-07-14 16:03:36.963000,-173.5811242959266,1.168779585467009,-2.639668419374389
2020-07-14 16:03:37.362000,-173.5989390862604,1.1944690955584574,-2.6030164003664824
2020-07-14 16:03:37.802000,-173.60186786546888,1.092625020705595,-2.176514681142705
2020-07-14 16:03:38.169000,-173.56508993231716,1.2008963918727593,-1.9711456577516797
2020-07-14 16:03:38.562000,-173.57802154941925,1.3231639561381145,-2.044955083836472
2020-07-14 16:03:38.965000,-176.21991731278368,-13.700692197425731,68.39858977673724
2020-07-14 16:03:39.365000,-173.74112924853154,-1.5488473907443545,19.988927103080577
2020-07-14 16:03:39.785000,-172.36021947529684,-2.6034789689799265,10.788916976205218
2020-07-14 16:03:40.165000,-172.01360756231782,-1.384512952565153,5.4272181519579386
2020-07-14 16:03:40.563000,-172.68481088826405,-0.10356292220261516,2.1041844535466567
2020-07-14 16:03:40.965000,-173.34381698679152,-0.014637158046899534,0.35332865306199646
2020-07-14 16:03:41.364000,-173.51209885476823,-0.5929319216555436,0.7074840577807716
2020-07-14 16:03:41.817000,-173.7083267394284,-1.264985665857341,-0.046183350083681664
2020-07-14 16:03:42.165000,-173.73987202970497,-2.0013741026350633,-0.45602843305957397
2020-07-14 16:03:42.566000,-175.01033937974694,-2.236922775632418,-3.119428421460371
2020-07-14 16:03:42.969000,-177.22549803104295,-4.012805132376198,2.7053660106983317
2020-07-14 16:03:43.364000,-179.7291759758884,1.8619946361456563,-78.4934899506374
2020-07-14 16:03:43.802000,-174.722491669598,-2.7178980841334432,-35.950754335794
2020-07-14 16:03:44.168000,176.2397910048138,-11.781423584836675,57.20983733428288
2020-07-14 16:03:44.565000,176.6830013650947,-8.016935169783732,110.44942581682655
2020-07-14 16:03:44.966000,179.1629953387363,4.051871395136419,55.55424426843643
2020-07-14 16:03:45.370000,171.90495340925378,2.3979016152503965,17.343516987864664
2020-07-14 16:03:45.765000,171.03040213845247,-0.6467052057212452,-3.4713336162978967
2020-07-14 16:03:46.167000,171.59213381310835,-2.469871388100678,-14.708387272071024
2020-07-14 16:03:46.584000,172.23152110477324,-4.033669361388563,-20.851357258052847
2020-07-14 16:03:46.966000,172.946012660212,-4.9996786388553,-24.14183323162043
2020-07-14 16:03:47.366000,173.4941258544788,-5.738260933720057,-25.89756100691543
2020-07-14 16:03:47.764000,173.89641120203737,-6.354715261214359,-26.755053590609215
2020-07-14 16:03:48.165000,174.19777111138487,-6.962397770139368,-27.23089218090617
2020-07-14 16:03:48.585000,174.4343427682111,-7.413770286157647,-27.462975433477702
2020-07-14 16:03:48.966000,174.55811282074475,-7.833413236938563,-27.603692755854304
2020-07-14 16:03:49.364000,174.67457423369308,-8.184080902810386,-27.659791317707363
2020-07-14 16:03:49.764000,174.75784473356157,-8.485124935783892,-27.711670765510597
2020-07-14 16:03:50.165000,174.77451960576838,-8.789244139842348,-27.756210152317454
2020-07-14 16:03:50.578000,174.82259513248718,-8.971184264987308,-27.80692867057845
2020-07-14 16:03:50.965000,174.8216185998573,-9.177483418098367,-27.892127151604747
2020-07-14 16:03:51.363000,174.85090979882796,-9.3566685793037,-27.936432921327302
2020-07-14 16:03:51.764000,174.87202432208989,-9.517234087081823,-27.979443139684008
2020-07-14 16:03:52.164000,174.88196555237712,-9.65866189436672,-27.981210807399513
2020-07-14 16:03:52.579000,174.89031728977653,-9.787006891531384,-27.982714060612967
2020-07-14 16:03:52.964000,174.8986332898273,-9.828458620353965,-27.991264387271237
2020-07-14 16:03:53.363000,174.91482952696953,-9.878227531269836,-28.040516395315187
2020-07-14 16:03:53.764000,174.91041715129137,-9.956630527708727,-27.96461478267652
2020-07-14 16:03:54.167000,174.91087819736393,-10.026734507582098,-27.889562975178773
2020-07-14 16:03:54.578000,174.92246391857364,-10.091436223831195,-27.85580151425404
2020-07-14 16:03:54.963000,174.8945027055483,-10.187358227706351,-27.818608817440243
2020-07-14 16:03:55.361000,174.92361879784193,-10.271323162011086,-27.823798125636024
2020-07-14 16:03:55.775000,174.95055522221094,-10.340495745992996,-27.828626932416682
2020-07-14 16:03:56.162000,174.9763359322641,-10.397411425051821,-27.83326990663019
2020-07-14 16:03:56.602000,173.7058437084973,-9.707464161959928,-27.337348563254164
2020-07-14 16:03:56.964000,171.0762369349855,-8.467821156846972,-27.060309300178503
2020-07-14 16:03:57.376000,169.30319676394015,-6.498849985923534,-16.26116740483651
2020-07-14 16:03:57.766000,168.31305241236046,-2.527466334677367,-0.0353374883374882
2020-07-14 16:03:58.175000,177.29567965977776,5.564423913596149,51.53190679022664
2020-07-14 16:03:58.582000,172.46672543471263,4.13139713623996,7.072666979276854
2020-07-14 16:03:58.964000,175.28665081329393,5.315274521764163,5.288555052990663
2020-07-14 16:03:59.374000,179.70756825730507,4.363241190225722,26.70215852533222
2020-07-14 16:03:59.764000,-179.3632642973938,2.4314303585221753,4.89148819990958
2020-07-14 16:04:00.168000,-176.38233835205267,1.2311308800072809,0.9330540137185559
2020-07-14 16:04:00.589000,179.53550715559493,3.4968528234388967,-22.02047422820188
2020-07-14 16:04:00.966000,-178.4380011660253,2.6921928866403007,-22.5008129476441
2020-07-14 16:04:01.364000,-175.29026337984274,2.5913526846083808,-27.910892581573375
2020-07-14 16:04:01.766000,-177.02736726936152,3.0862701028855692,-28.95122640510488
2020-07-14 16:04:02.166000,-176.8858258070194,3.5394000460336557,-30.966744647191582
2020-07-14 16:04:02.666000,-175.16699230312645,3.935741313118671,-44.8924094493812
2020-07-14 16:04:03.108000,-172.62759864916188,3.9790431064595353,-57.45687009013586
2020-07-14 16:04:03.467000,-174.29520501656106,8.2513810865575,-93.43573475306019
2020-07-14 16:04:03.866000,172.10824735665406,9.19245840591026,-170.18386207933085
2020-07-14 16:04:04.267000,-168.75983460644352,2.478930965616723,-116.11266840454446
2020-07-14 16:04:04.666000,-168.2236398705881,5.083359269722715,-121.69250804247635
2020-07-14 16:04:05.720000,178.85668467120004,12.700140204667672,-172.7939028969513
2020-07-14 16:04:05.467000,160.45843151927647,-3.917050311343232,103.2351578760394
2020-07-14 16:04:05.865000,173.25603934367948,8.912391485831064,170.22029488593088
2020-07-14 16:04:06.273000,-177.10172964401218,6.093889737035629,-149.61161632887007
2020-07-14 16:04:06.666000,-174.7708168391814,0.7369015308331632,-127.55319225125545
2020-07-14 16:04:07.960000,-175.7742185534291,-1.5319583864647914,-116.8036663154229
2020-07-14 16:04:07.467000,-176.6238042009874,-2.3047988315342662,-111.17472086883897
2020-07-14 16:04:07.866000,-177.93656413874527,-2.390008487589018,-106.44924227788707
2020-07-14 16:04:08.266000,179.64146968192608,-2.630060820066189,-118.6149314353241
2020-07-14 16:04:08.667000,175.22078898820345,0.7833005409469416,-160.2022276505187
2020-07-14 16:04:09.870000,176.94953412997413,1.5498410788127153,-134.798454078672
2020-07-14 16:04:09.465000,177.43303718518075,1.3062017145165348,-121.24311608985347
2020-07-14 16:04:09.866000,177.8080821123568,0.5365600924233029,-113.75961797413325
2020-07-14 16:04:10.265000,177.92169908777788,-0.27924117153809996,-109.6713902949379
2020-07-14 16:04:10.666000,177.82409200079033,-0.91311401269493,-107.5058560009217
2020-07-14 16:04:11.940000,177.74874242814144,-1.4836632791667788,-106.42046708815198
2020-07-14 16:04:11.465000,177.61554116177572,-1.9333902495283966,-105.8561064488719
2020-07-14 16:04:11.865000,178.34832991058414,-0.026487825598840855,-106.33780956356522
2020-07-14 16:04:12.265000,-179.65222083285977,4.464752903392855,-99.8773129728524
2020-07-14 16:04:12.666000,-176.3870530465245,-1.6913979000828563,-57.12689846005068
2020-07-14 16:04:13.105000,-175.02892859887749,-8.875336889395715,-8.032614730155043
2020-07-14 16:04:13.466000,-171.89874158676946,-5.576020358094947,-43.11856476441484
2020-07-14 16:04:13.866000,-171.1362919436721,-8.229306215063518,-38.90817691279271
2020-07-14 16:04:14.265000,-170.66856861622418,-8.542817268046083,-47.747305918568145
2020-07-14 16:04:14.666000,-167.39497197260417,-12.892364085939796,-57.403477333806386
2020-07-14 16:04:15.990000,-165.88621229169922,-14.719609532301872,-54.69147871251772
2020-07-14 16:04:15.465000,-167.5042611418737,-13.713242585466189,-66.89472195423714
2020-07-14 16:04:15.870000,-169.80326984898502,-13.405731047350429,-65.16415438570317
2020-07-14 16:04:16.264000,-167.80698586965792,-12.150604779391116,-64.29914263841039
2020-07-14 16:04:16.665000,-174.42290263893827,8.602021490838219,-118.5798817454865
2020-07-14 16:04:17.104000,179.27598951192073,10.583275266399964,-151.82757178056866
2020-07-14 16:04:17.466000,-167.47846407396142,3.660160315204519,-105.36821850959521
2020-07-14 16:04:17.863000,-159.62270051943116,6.379938438993405,-119.37501030429948
2020-07-14 16:04:18.264000,-155.03157495778237,4.309511560404824,-115.90648248439892
2020-07-14 16:04:18.665000,-155.37635872226159,8.634750806527556,-124.48740723229166
2020-07-14 16:04:19.650000,-156.79962266387625,-2.9719614853487055,-124.05498531524286
2020-07-14 16:04:19.464000,-153.3836027578402,2.410060783742964,-131.21219975258032
2020-07-14 16:04:19.882000,-144.5090914398098,9.707666071838702,-132.03944234065443
2020-07-14 16:04:20.265000,-159.05756637975193,5.980929480503533,-142.16348011711446
2020-07-14 16:04:20.665000,-174.41937960067148,28.661595646095265,158.6574013720139
2020-07-14 16:04:21.630000,-140.39658845405822,-7.516921550289563,-131.99609651748833
2020-07-14 16:04:21.467000,-166.18817280937589,33.42350594110308,158.46216514262372
2020-07-14 16:04:21.863000,-162.17311680676107,26.16642820743134,164.52989339008215
2020-07-14 16:04:22.263000,-171.65836893706924,23.073865969170363,149.23828851064187
2020-07-14 16:04:22.669000,-171.14000928836552,13.255799640922866,149.46229203905943
2020-07-14 16:04:23.630000,-155.06973362598214,4.903888547049472,-174.0574169989794
2020-07-14 16:04:23.465000,-150.9578633617093,1.5810624719813446,-168.8208411016369
2020-07-14 16:04:23.873000,-152.3293595549983,5.5244686334157045,-179.5254340354967
2020-07-14 16:04:24.266000,-160.5394254061465,5.39224849971726,164.87462837024722
2020-07-14 16:04:24.666000,-153.7973644756901,-15.911243491903727,-155.8990801111699
2020-07-14 16:04:25.720000,-155.7434929430997,3.7125423895520737,169.35741595555427
2020-07-14 16:04:25.466000,-151.21996465771116,-6.277739732158347,-168.30161032566335
2020-07-14 16:04:25.882000,-151.12900524844204,4.314966105806507,176.62064814666383
2020-07-14 16:04:26.267000,-174.4726853402518,12.49179174157371,126.43268455906039
2020-07-14 16:04:26.667000,-166.85894607151135,12.97019602067224,132.873614265801
2020-07-14 16:04:27.660000,-156.5769863569401,5.696174979584657,155.0033902119839
2020-07-14 16:04:27.467000,-155.06813289348796,21.775990294850914,147.34048684207008
2020-07-14 16:04:27.878000,-155.37041596457087,19.617483112443377,143.6588470787629
2020-07-14 16:04:28.268000,-154.98576696750223,17.258786023729737,140.41325752132596
2020-07-14 16:04:28.665000,-159.74405850209575,11.173956373659344,128.96684429412917
2020-07-14 16:04:29.640000,-160.50876058163283,8.337806208956675,125.7181321971786
2020-07-14 16:04:29.466000,-164.97797640085574,6.883152725866123,125.371736084202
2020-07-14 16:04:29.866000,-166.4797723076771,8.95562830295926,116.00091920803713
2020-07-14 16:04:30.266000,-163.5195140476427,6.472884635264444,118.30036564824604
2020-07-14 16:04:30.666000,-158.00650591559534,0.2952293881598186,118.86340425389476
2020-07-14 16:04:31.117000,-159.117186977475,-18.52547836457672,151.61840994180818
2020-07-14 16:04:31.467000,-177.95113949470144,26.606981387670203,38.673216391494854
2020-07-14 16:04:31.877000,-154.67819413972174,5.099884062537901,88.30122638520821
2020-07-14 16:04:32.266000,-173.42121365970206,24.440114840569542,35.79812260248297
2020-07-14 16:04:32.666000,147.6454302187585,-9.36945279399361,-74.968333902293
2020-07-14 16:04:33.670000,-163.4305423522186,-29.252659666400014,173.11233947526125
2020-07-14 16:04:33.466000,149.35981050432684,0.09658016767558875,-53.57782063198166
2020-07-14 16:04:33.868000,-174.05239913741946,20.455476328043144,41.128810140186395
2020-07-14 16:04:34.266000,-160.2780783293657,0.7932572861007958,92.95539960421041
2020-07-14 16:04:34.666000,-164.0612847055419,-10.62785935433619,121.277316260686
2020-07-14 16:04:35.630000,-169.72130217574184,-13.94787021805282,137.7979822007215
2020-07-14 16:04:35.472000,-173.65186541945147,-13.61922060321289,146.90011746379534
2020-07-14 16:04:35.863000,-176.20886357429808,-13.016693057388423,151.28791960255052
2020-07-14 16:04:36.265000,-177.7482575919735,-12.33131778568736,154.37723450446614
2020-07-14 16:04:36.669000,-177.14556474791837,-0.8535799377692321,126.8155297680731
2020-07-14 16:04:37.630000,169.41242922992043,2.554311701758072,67.63504142554474
2020-07-14 16:04:37.466000,166.31277792973634,-0.7904033748941109,85.34723553686507
2020-07-14 16:04:37.872000,172.35149359378786,4.243342062692779,137.80240893914248
2020-07-14 16:04:38.264000,175.26334597995265,2.525142509688257,150.90165091858165
2020-07-14 16:04:38.663000,175.49586711682878,1.3423520939762856,157.6406780575084
2020-07-14 16:04:39.650000,176.4780127990991,0.7009490678635151,160.83183703812222
2020-07-14 16:04:39.464000,177.80380152709037,0.048496797352103896,162.4092592302069
2020-07-14 16:04:39.874000,178.91445374255372,-0.40120898359475193,163.16725600525305
2020-07-14 16:04:40.264000,-179.94065212288982,-0.8632509093959467,163.6373520855646
2020-07-14 16:04:40.662000,-178.9723092170316,-1.174898737886064,164.02034716915543
2020-07-14 16:04:41.640000,-178.49123127333144,-0.4423934525387903,164.18235182119562
2020-07-14 16:04:41.464000,-178.27784930683413,1.9434994207593421,165.7322886560933
2020-07-14 16:04:41.876000,-175.85766376503008,1.7389695283604711,-179.88531767254543
2020-07-14 16:04:42.266000,-179.40430863383196,-4.148168504411667,-162.219915828745
2020-07-14 16:04:42.662000,-177.68238710341194,-0.37734294312372413,-173.21899837875725
2020-07-14 16:04:43.650000,179.09930150627045,-7.009397873268227,-130.93664312140137
2020-07-14 16:04:43.465000,178.18096709763165,-6.117287525666638,-155.9220256080953
2020-07-14 16:04:43.910000,-177.0978652326852,-1.4539399671391822,-174.20448386158213
2020-07-14 16:04:44.264000,-173.0978111249047,0.9636293546727215,-178.99310142626325
2020-07-14 16:04:44.664000,-174.98187205166664,-0.08689215022494268,175.15081847095
2020-07-14 16:04:45.640000,-178.02764070841292,-2.224906332627409,165.56991651980297
2020-07-14 16:04:45.464000,-175.37311279240546,-1.577413272386782,161.03105827436931
2020-07-14 16:04:45.865000,-171.68802830192806,-1.220065179793022,157.36118985301118
2020-07-14 16:04:46.263000,-166.66978560104553,2.0159442957161415,133.9887298301215
2020-07-14 16:04:46.677000,-159.54767933205653,1.0733869377864746,133.74275962357245
2020-07-14 16:04:47.670000,-160.6274344597115,11.293648319406259,106.06939409713895
2020-07-14 16:04:47.466000,-159.97145851259268,16.60361541965954,84.68747516886802
2020-07-14 16:04:47.909000,-175.0589205570273,23.098709381080887,57.455084584858064
2020-07-14 16:04:48.273000,-170.3481853492532,19.88166120420939,63.49907345477387
2020-07-14 16:04:48.668000,-164.0753351573697,17.914013832596208,65.4877386146433
2020-07-14 16:04:49.650000,-166.94057903290522,25.308650705789148,42.9175884083099
2020-07-14 16:04:49.468000,-158.76598058675594,5.974018114369275,80.52147594352516
2020-07-14 16:04:49.925000,-173.77948947765574,23.625417406567404,37.325363123085495
2020-07-14 16:04:50.265000,176.96975864508582,29.795852182075695,6.879522118487515
2020-07-14 16:04:50.668000,-164.56318594178626,29.5796898232193,28.714734129851056
2020-07-14 16:04:51.650000,-161.69343141032462,30.06857012406016,32.432629173060306
2020-07-14 16:04:51.466000,-152.84599685100673,-17.60675283209958,104.65019883642101
2020-07-14 16:04:51.884000,-158.32264585706713,6.452190639021941,64.37125119760584
2020-07-14 16:04:52.265000,172.42473569811673,29.39467135696584,-4.479266478550312
2020-07-14 16:04:52.684000,153.56797130620882,30.633391907170164,-31.46775983409035
2020-07-14 16:04:53.650000,146.4761263835253,-32.879394973036995,-111.82002360569328
2020-07-14 16:04:53.465000,164.6406280012349,27.6774530533613,-17.67096029359348
2020-07-14 16:04:53.864000,-154.07175270253654,-13.692730086750222,103.84069642045633
2020-07-14 16:04:54.265000,178.39400205456823,25.447258694818323,3.7260800586121277
2020-07-14 16:04:54.669000,-156.14076322080464,-14.819482586375091,93.57643198786212
2020-07-14 16:04:55.650000,-155.84698656439673,-4.77328591885975,80.63845636305146
2020-07-14 16:04:55.465000,-155.59424477942162,0.8901232295204197,73.95871658210694
2020-07-14 16:04:55.907000,-152.8455930534063,-7.915360506639639,92.977557890305
2020-07-14 16:04:56.265000,-153.59237895211692,-6.260113753606165,103.54600741001919
2020-07-14 16:04:56.663000,-155.21890821918973,-0.2568468266101211,99.24996001363967
2020-07-14 16:04:57.650000,-158.2868104988911,3.775851254441153,97.06759666187041
2020-07-14 16:04:57.464000,-159.4490945580738,-3.5787920196676226,115.44338383654836
2020-07-14 16:04:57.862000,178.19201111974286,-12.675171211445493,148.02777613413807
2020-07-14 16:04:58.265000,-178.92468992225943,2.2746234151689384,32.90994963044079
2020-07-14 16:04:58.667000,179.9338712670547,4.135775752358024,34.57165019570586
2020-07-14 16:04:59.640000,-171.65037885630088,-3.712219826640494,117.67897447316795
2020-07-14 16:04:59.464000,179.5280900351645,7.323115824713932,41.34177635156661
2020-07-14 16:04:59.876000,-169.957641682311,0.2724576777209429,63.24702903565699
2020-07-14 16:05:00.264000,-168.0709384350285,-0.7343067219230327,75.8731839560456
2020-07-14 16:05:00.665000,-168.02383404908764,2.6203062554079666,57.663069826198075
2020-07-14 16:05:01.640000,-163.81492403415297,-13.812712238470834,94.01185661930377
2020-07-14 16:05:01.464000,-161.18236236717055,-1.5347453093155978,60.70532751435467
2020-07-14 16:05:01.866000,-165.31988007698638,-11.337001163749692,86.08546530119852
2020-07-14 16:05:02.269000,-170.28014743902628,-17.266374733139546,112.46763586875696
2020-07-14 16:05:02.673000,-176.43259653776067,-21.980406708471687,139.7173127512615
2020-07-14 16:05:03.660000,175.08012722716316,-17.39698162251653,162.2862529161839
2020-07-14 16:05:03.466000,176.13495120262945,-13.042660602990251,-171.0997025334734
2020-07-14 16:05:03.865000,175.2017527915272,-10.937317799899308,-135.64545894239697
2020-07-14 16:05:04.266000,171.4303583726805,-4.425741045733712,-65.47883157756527
2020-07-14 16:05:04.691000,168.2682884366788,-3.7773582494271825,-31.72881864711505
2020-07-14 16:05:05.660000,172.58312282186995,-5.700215506060348,-14.66277860100902
2020-07-14 16:05:05.465000,179.1889998916576,-9.727290848629021,-84.08011693491056
2020-07-14 16:05:05.876000,-177.74766942593945,-2.5522848578439414,-175.85125263905832
2020-07-14 16:05:06.265000,176.67188762723532,-2.174913961153503,124.73903005603054
2020-07-14 16:05:06.693000,175.67836758429848,-5.0253478541815175,101.3275329507413
2020-07-14 16:05:07.650000,173.92386364568182,-6.476326953572757,97.58153166842384
2020-07-14 16:05:07.466000,172.972917726772,-8.641041902159841,95.30684272520689
2020-07-14 16:05:07.865000,172.61935948154894,-8.000553229984165,99.81447486377958
2020-07-14 16:05:08.265000,172.86793868256203,-8.44679775376125,98.5948929165855
2020-07-14 16:05:08.672000,172.5502644942976,-9.726856357462117,94.99668638549736
2020-07-14 16:05:09.650000,171.42626542448903,-11.514966532717176,93.45951783775394
2020-07-14 16:05:09.463000,170.8261694456941,-12.596680447338345,92.61288927641462
2020-07-14 16:05:09.864000,170.28874740906002,-13.096055799209523,91.87674438301799
2020-07-14 16:05:10.264000,169.33468809321096,-13.661990514242285,91.41706297893292
2020-07-14 16:05:10.690000,170.2744668682285,-15.951435175067658,89.74723511049889
2020-07-14 16:05:11.640000,179.53283848043841,-16.346877593535666,55.2952495884097
2020-07-14 16:05:11.464000,-178.90214458776867,-14.350894933957935,44.364523591430206
2020-07-14 16:05:11.865000,-176.96394280254844,-8.543317218587433,12.524314453250877
2020-07-14 16:05:12.264000,177.941879345485,-8.866880900616938,54.76720819790471
2020-07-14 16:05:12.709000,178.44029795178807,-7.14439731389022,51.06475887284902
2020-07-14 16:05:13.640000,177.4191572489321,-6.628339891496212,23.36017557400309
2020-07-14 16:05:13.463000,-178.70104464392753,-2.704201544669743,-101.5801492359678
2020-07-14 16:05:13.870000,173.20262571527996,-0.10975523741296983,-166.40879957206369
2020-07-14 16:05:14.265000,176.71823019023762,5.6048930617598005,-168.53866229103866
2020-07-14 16:05:14.686000,-173.92718525396165,-10.33548285702314,-41.68859010395601
2020-07-14 16:05:15.650000,168.0352136916096,-7.1975989166486,98.00398010791035
2020-07-14 16:05:15.464000,-174.93660113914933,-8.365882085449424,-14.599424718618712
2020-07-14 16:05:15.864000,177.33542726768127,-8.232867333394914,51.036569876460284
2020-07-14 16:05:16.264000,175.01113327028244,-8.5990216840855,124.54615258754188
2020-07-14 16:05:16.691000,-177.48216559398227,-0.5894853896555116,36.246783454162745
2020-07-14 16:05:17.670000,-166.37927591426157,2.7787711014593333,76.06297909920227
2020-07-14 16:05:17.470000,-161.83402202061046,0.46089302373559293,72.95196399018135
2020-07-14 16:05:17.866000,-157.65171952812022,-5.470453409106116,84.72085640695312
2020-07-14 16:05:18.266000,-155.32917947748837,-2.695104537454824,76.60246715623863
2020-07-14 16:05:18.697000,-157.82704922569644,-13.334445098838966,89.15818090190633
2020-07-14 16:05:19.660000,-152.20952313284295,-6.989240319274078,78.10186124867569
2020-07-14 16:05:19.464000,-169.8779620896887,-34.72889845290641,136.23503456723162
2020-07-14 16:05:19.882000,-162.27888433268438,6.0524463636449095,60.929379929929624
2020-07-14 16:05:20.265000,-168.1654578722865,9.551159233559408,22.652424780510696
2020-07-14 16:05:20.694000,169.99102253285943,10.886922045124143,-44.68946675302179
2020-07-14 16:05:21.710000,-171.01936270493277,2.861505602675805,40.49975799482009
2020-07-14 16:05:21.482000,-172.2725361748743,-3.2774824363961197,54.79580827231977
2020-07-14 16:05:21.865000,-171.6660385907931,-3.8367500015737606,39.065287707415436
2020-07-14 16:05:22.264000,-163.7469085481999,-1.7829855065288396,41.874338296294674
2020-07-14 16:05:22.688000,-158.45966047933715,-16.355881365818497,79.73605923057758
2020-07-14 16:05:23.650000,-170.99194568686028,11.542163928572428,8.739063033786552
2020-07-14 16:05:23.464000,-167.7308823447107,-2.805498511148457,73.39378132699844
2020-07-14 16:05:23.864000,-163.6625844048749,-17.829425040295817,125.69652548578729
2020-07-14 16:05:24.265000,-169.19686687718135,10.103885732166084,56.83771556102177
2020-07-14 16:05:24.702000,-176.55509540631962,7.193312983336706,33.74607226455561
2020-07-14 16:05:25.650000,-172.96535131698073,2.896955804211617,49.2739622250731
2020-07-14 16:05:25.468000,-168.74836035553756,-1.1677919287343737,72.59425060389403
2020-07-14 16:05:25.865000,-172.45206446050847,-16.271711482668223,97.14769179393585
2020-07-14 16:05:26.264000,-166.84622990660557,-4.645022234491901,80.6762298261906
2020-07-14 16:05:26.697000,-159.65177048150025,0.2739858180675445,70.24815159757657
2020-07-14 16:05:27.640000,-159.073583172062,7.356644831274217,52.91730212730197
2020-07-14 16:05:27.462000,-165.5187607306907,8.791823482226471,33.831358953738636
2020-07-14 16:05:27.865000,-168.0007155850234,5.1270418127739426,25.019793066086883
2020-07-14 16:05:28.265000,-172.24791225306217,4.896767742337464,10.308035186690734
2020-07-14 16:05:28.691000,-177.98614406831166,6.432751605776346,-26.498605133698756
2020-07-14 16:05:29.650000,171.0375952461625,2.7431095699983534,-107.07963055236468
2020-07-14 16:05:29.463000,-168.3345887399401,-7.749755683850201,-23.42466945368472
2020-07-14 16:05:29.865000,-174.67666744324265,-16.431384990582245,22.777458431965407
2020-07-14 16:05:30.265000,-178.80466114138096,-14.397907183734988,41.11793128012845
2020-07-14 16:05:30.712000,177.35879234914393,-14.376198236720683,86.76963081376812
2020-07-14 16:05:31.640000,174.09580981566907,-11.332295330988753,55.930302057041565
2020-07-14 16:05:31.465000,171.8964936414472,-8.806287587171555,37.12187065480955
2020-07-14 16:05:31.863000,172.92937476124663,-6.702657502152416,10.955064117376288
2020-07-14 16:05:32.263000,173.29920634925125,-3.8706513532655116,4.022686261596617
2020-07-14 16:05:32.666000,172.7501695490123,-1.9988432381195247,0.3050439983491052
2020-07-14 16:05:33.630000,171.88200063996686,-0.7317036395690921,-1.56307464440391
2020-07-14 16:05:33.466000,171.0524450122768,0.6647372998587905,-4.249590457982342
2020-07-14 16:05:33.870000,172.4206408437822,-2.470714704388292,0.5141678211754502
2020-07-14 16:05:34.264000,174.03027488330895,-6.481213804734223,-3.045665547239705
2020-07-14 16:05:34.668000,172.46462383154108,-3.3880889360159903,-3.1839815068536823
2020-07-14 16:05:35.630000,171.300557882948,-1.0159491973423531,-21.940660393241753
2020-07-14 16:05:35.471000,170.35665960990875,-0.03018327063039023,-21.778758368525875
2020-07-14 16:05:35.867000,-176.4351965257311,-11.448507685536331,-16.867532799780015
2020-07-14 16:05:36.265000,178.1576972993842,-9.862937567754573,-5.359286822051439
2020-07-14 16:05:36.668000,-178.01123251686622,-11.658648354042796,-5.969059248078531
2020-07-14 16:05:37.650000,178.50083726854467,-10.149108107457817,-1.9125803131932535
2020-07-14 16:05:37.480000,174.1433561854823,-6.021284725399221,0.5541701104719284
2020-07-14 16:05:37.865000,174.3039447160936,-3.6869763973352563,2.1227274962059095
2020-07-14 16:05:38.265000,173.74208130325462,-5.209080639383111,3.2948254779436046
2020-07-14 16:05:38.665000,173.8481092750637,-6.323261345183844,5.394122820078929
2020-07-14 16:05:39.640000,173.55932338962432,-9.851980750727302,4.214937378184801
2020-07-14 16:05:39.488000,173.13091996275014,-17.340037604847666,1.8374444861029258
2020-07-14 16:05:39.864000,-179.5449815769697,-4.611846338712187,-50.40813029598096
2020-07-14 16:05:40.265000,-179.9179273104061,-0.8632266912618967,-63.60459626340323
2020-07-14 16:05:40.667000,-174.56660060350484,-0.6806007119190398,-66.92287367175912
2020-07-14 16:05:41.640000,-175.00792190127024,-7.69741841710554,-11.058550856462581
2020-07-14 16:05:41.479000,176.13193738021735,-15.864151509609433,56.300227587545514
2020-07-14 16:05:41.864000,171.96284116133205,-19.518556286327385,87.01249367859083
2020-07-14 16:05:42.263000,164.56258995919134,-16.395816466049098,117.02666182312625
2020-07-14 16:05:42.682000,165.1608206486395,13.003540403294839,-149.2494855143398
2020-07-14 16:05:43.650000,178.90813976643116,9.470442567053382,-143.79384455865215
2020-07-14 16:05:43.471000,-176.38426478636887,-27.757770268707958,148.51448917472476
2020-07-14 16:05:43.864000,-160.2714941061074,16.412984461502617,48.00241922113492
2020-07-14 16:05:44.263000,-141.0393724957267,22.415001381051304,69.27980016648615
2020-07-14 16:05:44.663000,-149.28784593602947,50.773589541097536,48.106003851188646
2020-07-14 16:05:45.640000,95.33820502903674,50.44316109736788,-54.55255154673859
2020-07-14 16:05:45.476000,78.23109841002847,-12.485702197034021,-29.277111718844928
2020-07-14 16:05:45.863000,54.48840308176212,80.83372106608171,-53.35971705626868
2020-07-14 16:05:46.263000,-68.95623645096468,53.883908163043216,177.88790852544395
2020-07-14 16:05:46.672000,-59.81577624810283,34.56297156428685,179.48198494671414
2020-07-14 16:05:47.640000,-54.35928311993745,8.897107986347045,168.26888707073923
2020-07-14 16:05:47.489000,-44.879179170577004,15.630420650586663,177.36964695395994
2020-07-14 16:05:47.864000,-35.82820584825083,17.7194212195579,-175.14407353039414
2020-07-14 16:05:48.262000,-31.004193395819147,14.73705017248589,-169.77953649585
2020-07-14 16:05:48.665000,-25.940816695516666,15.169731200313905,-171.8770107591168
2020-07-14 16:05:49.640000,-22.637845713286367,6.472817396811546,162.32678547488334
2020-07-14 16:05:49.475000,-10.340971560082856,12.758020638822574,-170.37742022606827
2020-07-14 16:05:49.865000,-6.6923800192445695,10.481070660566234,173.49013389443513
2020-07-14 16:05:50.265000,1.911135328090544,1.8846386929933086,-118.72348262428639
2020-07-14 16:05:50.667000,-4.729891478032003,3.5782928390656425,-28.814616262385535
2020-07-14 16:05:51.650000,-2.749483113507612,3.406239318090165,-123.69363263278416
2020-07-14 16:05:51.464000,-3.313896246091917,6.3821346937641055,145.49153994381723
2020-07-14 16:05:51.865000,-0.48097116752543495,6.792635030800892,-144.34137339828146
2020-07-14 16:05:52.264000,-3.4047420259173067,7.924656412795398,169.44484362285147
2020-07-14 16:05:52.664000,-6.715364295534281,5.745013905567699,138.965663489741
2020-07-14 16:05:53.640000,-7.362295611616052,7.019913362219899,157.50710027479658
2020-07-14 16:05:53.497000,-7.628932005778786,7.192700770187802,153.49060402075412
2020-07-14 16:05:53.884000,-7.816788665418938,6.894628759910315,153.93231028968037
2020-07-14 16:05:54.262000,-8.487520822167118,6.601193009616576,154.34421294917783
2020-07-14 16:05:54.664000,-8.821397772449629,6.309072865736406,154.69806601026247
2020-07-14 16:05:55.630000,-9.17081277788837,6.221707871848521,154.46483507620937
2020-07-14 16:05:55.562000,-9.553694577012791,6.270845310269506,154.50439233682582
2020-07-14 16:05:55.994000,-9.835935081424147,6.254518534968846,154.47808379460594
2020-07-14 16:05:56.364000,-10.026780000269948,6.199643244450391,154.46426388485318
2020-07-14 16:05:56.761000,-10.144803565311019,6.194442271150013,154.44724885965007
2020-07-14 16:05:57.179000,-10.283476979196243,6.227622405081869,154.4252673159796
2020-07-14 16:05:57.562000,-10.355435945211225,6.17447563241623,154.42028575626762
2020-07-14 16:05:57.993000,-10.499479990487101,6.12397832906151,154.37713407889999
2020-07-14 16:05:58.363000,-10.611780442462242,6.129510086363027,154.3694428765437
2020-07-14 16:05:58.759000,-10.6621777632427,6.1339141469966405,154.36406200836853
2020-07-14 16:05:59.161000,-10.706718949655334,6.090640941143182,154.32750160147012
2020-07-14 16:05:59.563000,-10.698683809107305,6.102803761629512,154.32409652131133
2020-07-14 16:05:59.964000,-10.77668394609347,6.065029590721382,154.28830426588718
2020-07-14 16:06:00.363000,-10.835676064549359,6.08169111088553,154.28629384433228
2020-07-14 16:06:00.759000,-10.801971424580438,6.095032488869201,154.2856033834069
2020-07-14 16:06:01.161000,-10.81851325523674,6.058784077847704,154.25213583723973
2020-07-14 16:06:01.561000,-10.868463101769787,6.076029390416552,154.25107916349654
2020-07-14 16:06:01.988000,-10.828199045107679,6.090503163565064,154.25108195765415
2020-07-14 16:06:02.361000,-10.87702068884335,6.1414736848201965,154.24262773820445
2020-07-14 16:06:02.760000,-10.835719172976095,6.142839619722241,154.24272697804605
2020-07-14 16:06:03.161000,-10.886314006623348,6.096983312608732,154.20992863460322
2020-07-14 16:06:03.561000,-10.924317450343352,6.146708291071316,154.20258067827572
2020-07-14 16:06:03.984000,-10.913662865554683,6.147027313725205,154.20368684993198
2020-07-14 16:06:04.361000,-10.948529460839522,6.100223508194494,154.17262049639538
2020-07-14 16:06:04.759000,-10.932090810303215,6.070391128045761,154.1819066000041
2020-07-14 16:06:05.161000,-10.964053473132457,6.078291797592713,154.1435797901351
2020-07-14 16:06:05.561000,-10.946124708025543,6.092286614955408,154.14545094047747
2020-07-14 16:06:05.979000,-10.89112778163551,6.102886735064319,154.14700650610925
2020-07-14 16:06:06.391000,-10.890634350897988,6.064400325278811,154.1154045514678
2020-07-14 16:06:06.758000,-10.931147255943905,6.072988326415763,154.0761723014557
2020-07-14 16:06:07.161000,-10.919801760232666,6.087364684628038,154.07734894920023
2020-07-14 16:06:07.560000,-10.910725839690839,6.098864455760974,154.07828647338195
2020-07-14 16:06:07.995000,-10.863355252114657,6.107384094536365,154.0790349221032
2020-07-14 16:06:08.362000,-10.909749434621915,6.067901219401557,154.0467080628353
2020-07-14 16:06:08.761000,-10.944955462394653,6.123329533639095,154.0396393022551
2020-07-14 16:06:09.160000,-10.89195478866394,6.128213310702869,154.0409829107703
2020-07-14 16:06:09.561000,-10.89374558923475,6.08581843313435,154.00913668098727
2020-07-14 16:06:09.990000,-10.851534109801234,6.0594686079785705,154.01686415962365
2020-07-14 16:06:10.360000,-10.897990943805974,6.039069900886691,154.0236966341851
2020-07-14 16:06:10.759000,-10.936630473751718,6.062128729436429,154.023827006606
2020-07-14 16:06:11.162000,-10.92729904927065,6.080502736863509,154.0247898347097
2020-07-14 16:06:11.560000,-10.923210983949263,6.048894579294482,153.99359484070837
2020-07-14 16:06:11.991000,-10.95667507741972,6.070595297390582,153.9942680918287
2020-07-14 16:06:12.359000,-10.943333512996453,6.087275640192714,153.99565341162514
2020-07-14 16:06:12.761000,-10.973587438588439,6.139997449548311,153.98908541891086
2020-07-14 16:06:13.163000,-10.957404512419357,6.142706831268279,153.99077752758524
2020-07-14 16:06:13.573000,-10.947191182109844,6.097888098230236,153.96025566545623
2020-07-14 16:06:13.980000,-10.975856885508797,6.1091079422647505,153.96143824915654
2020-07-14 16:06:14.360000,-10.918566603268607,6.118082473410626,153.96323599733296
2020-07-14 16:06:14.759000,-10.956353118324918,6.0782699701024185,153.93186054966907
2020-07-14 16:06:15.161000,-10.902157672580705,6.054031678530206,153.94089198476897
2020-07-14 16:06:15.562000,-10.9438707108307,6.0277071845171,153.90909000590412
2020-07-14 16:06:15.985000,-10.974555115854214,6.092940698951092,153.90247021581408
2020-07-14 16:06:16.361000,-10.962645210743197,6.098255799274415,153.86454812095596
2020-07-14 16:06:16.761000,-10.98888404830639,6.070748569909392,153.87357985715596
2020-07-14 16:06:17.160000,-11.011504924604374,6.127495341425336,153.8677849188821
2020-07-14 16:06:17.560000,-10.988670816298786,6.133515079808392,153.8701818542239
2020-07-14 16:06:17.995000,-11.011339923709526,6.178382399602907,153.86439535199025
2020-07-14 16:06:18.361000,-10.947734419332077,6.135594281358613,153.87446777575235
2020-07-14 16:06:18.759000,-10.981300685918214,6.093736524211451,153.8435623780069
2020-07-14 16:06:19.161000,-11.005440359037019,6.146563374482586,153.83761637273
2020-07-14 16:06:19.561000,-10.944383180982642,6.150110715061515,153.83981750585724
2020-07-14 16:06:19.978000,-10.978497156229327,6.105957356093084,153.8088524114635
2020-07-14 16:06:20.361000,-10.961583797218086,6.077658673297539,153.81820706253305
2020-07-14 16:06:20.758000,-10.992350538973634,6.04738610571803,153.78760188211754
2020-07-14 16:06:21.160000,-10.974294151235204,6.109559288498038,153.7818807021268
2020-07-14 16:06:21.560000,-10.958905265078874,6.119845482401835,153.78348495952946
2020-07-14 16:06:22.400000,-10.9900982249936,6.08174069471177,153.75283806874552
2020-07-14 16:06:22.361000,-11.011528642566287,6.09752237173413,153.75478139398894
2020-07-14 16:06:22.796000,-10.989365018822827,6.110204046467085,153.7571007001927
2020-07-14 16:06:23.209000,-11.011893251079659,6.159735374465877,153.7513236785214
2020-07-14 16:06:23.566000,-10.99252151354537,6.113027799651682,153.72182070889667
2020-07-14 16:06:24.800000,-11.016309042406386,6.075606711672106,153.69198303446424
2020-07-14 16:06:24.359000,-11.032901582383026,6.13214353260183,153.68680821907571
2020-07-14 16:06:24.773000,-10.965676319571518,6.1379118874511045,153.6896634671265
2020-07-14 16:06:25.168000,-10.9949785599776,6.095595988833501,153.65922527171654
2020-07-14 16:06:25.559000,-10.97841802455407,6.061814963976647,153.62939852414473
2020-07-14 16:06:25.959000,-11.005133967481411,6.034039684513241,153.59923006869508
2020-07-14 16:06:26.373000,-10.983845658360455,6.09889598531886,153.5938382185188
2020-07-14 16:06:26.780000,-10.966002095143915,6.110722430422702,153.59570132214208
2020-07-14 16:06:27.161000,-10.99590037445952,6.07383238227932,153.56519584530147
2020-07-14 16:06:27.560000,-11.015886897147455,6.091425112039705,153.56728973752817
2020-07-14 16:06:27.960000,-10.991633287569108,6.104068492726256,153.56982906612433
2020-07-14 16:06:28.359000,-10.97372547708825,6.1535430561968285,153.56410118758166
2020-07-14 16:06:28.761000,-10.91846956016326,6.1537422654447855,153.56568374180307
2020-07-14 16:06:29.161000,-10.958031707699206,6.10630249927488,153.53411966103687
2020-07-14 16:06:29.563000,-11.02296724346213,6.163046891958924,153.56725550328727
2020-07-14 16:06:29.961000,-10.957036905075357,6.1226499318548795,153.57758080359966
2020-07-14 16:06:30.360000,-10.944415950260135,6.090329519835241,153.58646827722177
2020-07-14 16:06:30.778000,-10.894346530224965,6.0638638354543755,153.59505611430936
2020-07-14 16:06:31.161000,-10.899257503161998,6.035094819521919,153.56288982279415
2020-07-14 16:06:31.562000,-10.90007769512158,6.098522425528225,153.55524544665232
2020-07-14 16:06:31.960000,-10.904267419008178,6.102358945186827,153.51561145605464
2020-07-14 16:06:32.363000,-10.946102874148387,6.065971175488185,153.483796327364
2020-07-14 16:06:32.777000,-10.976181878215693,6.083170121053325,153.48482614727232
2020-07-14 16:06:33.160000,-10.919212502416404,6.057547372988375,153.49416207742874
2020-07-14 16:06:33.560000,-10.914690807547196,6.0765026398149855,153.49461844446716
2020-07-14 16:06:33.961000,-10.91431832248362,6.043936220676695,153.46302231794976
2020-07-14 16:06:34.361000,-10.954243517153522,6.017946326025354,153.43141774361263
2020-07-14 16:06:34.763000,-10.942584113962308,6.044074849605917,153.43262291589582
2020-07-14 16:06:35.161000,-10.936887184801305,6.057449349908163,153.39403928108982
2020-07-14 16:06:35.560000,-10.968266181896992,6.075759458421463,153.39493215337828
2020-07-14 16:06:35.961000,-10.95743200911656,6.043458549781852,153.36447821691073
2020-07-14 16:06:36.360000,-10.989809384593741,6.05706277698251,153.32610473022197
2020-07-14 16:06:36.775000,-10.971294870620225,6.075508551495538,153.32803204163682
2020-07-14 16:06:37.160000,-10.916239431632109,6.05086823666536,153.3371624506552
2020-07-14 16:06:37.561000,-10.956732052898888,6.062943240572417,153.29793270990595
2020-07-14 16:06:37.962000,-10.985889642679622,6.119660581495264,153.29146829647635
2020-07-14 16:06:38.360000,-11.012618865095266,6.1180015376057675,153.2537068084786
2020-07-14 16:06:38.775000,-11.030603644085387,6.163018897053325,153.24839960079572
2020-07-14 16:06:39.161000,-11.003230522397098,6.120966805758495,153.25890908631018
2020-07-14 16:06:39.560000,-11.025658821781862,6.078986311596399,153.22922594857044
2020-07-14 16:06:39.964000,-11.000920607145357,6.13248959899152,153.22419356840297
2020-07-14 16:06:40.359000,-10.979623367474048,6.0966127246455875,153.2340305790976
2020-07-14 16:06:40.780000,-11.006764968474165,6.05951592594958,153.20382530122734
2020-07-14 16:06:41.160000,-10.987661217011885,5.990537296663877,153.181876008267
2020-07-14 16:06:41.558000,-11.009275749196028,6.02177176174529,153.18378072970694
2020-07-14 16:06:41.959000,-11.027377487253096,6.086128384973755,153.17843605048606
2020-07-14 16:06:42.422000,-10.960683718948143,6.058848833400107,153.18882959762513
2020-07-14 16:06:42.839000,-10.987558688055087,6.037024269525899,153.1977885112447
2020-07-14 16:06:43.159000,-11.01067911998067,6.098317072726111,153.19193496522746
2020-07-14 16:06:43.565000,-11.072676111056875,6.10029344042818,153.15468347799433
2020-07-14 16:06:43.963000,-11.03866621472257,6.148922410404212,153.15060838531056
2020-07-14 16:06:44.362000,-10.969703580501344,6.108401673397683,153.16126219634305
2020-07-14 16:06:44.807000,-10.999794789785707,6.108397197077086,153.12314036969408
2020-07-14 16:06:45.161000,-10.980362397297213,6.155410620334116,153.11756927960084
2020-07-14 16:06:45.566000,-10.927972590656982,6.107306708643934,153.08726852710885
2020-07-14 16:06:45.961000,-10.966261562396062,6.068831265818981,153.05584644433384
2020-07-14 16:06:46.360000,-10.912344532809144,6.045597714064319,153.064853818995
2020-07-14 16:06:46.806000,-10.955222594983315,6.058844377043592,153.02537248313888
2020-07-14 16:06:47.163000,-10.945918314955748,6.115677476217365,153.01875399753365
2020-07-14 16:06:47.581000,-10.896740808677388,6.082375583316156,153.02724542694455
2020-07-14 16:06:47.963000,-10.942632463359896,6.0868437532551605,152.98744332426958
2020-07-14 16:06:48.362000,-10.975286704655703,6.138087556035092,152.9806206880795
2020-07-14 16:06:48.765000,-11.005627450945328,6.132112052505293,152.94247704275907
2020-07-14 16:06:49.162000,-10.985705142813316,6.174366178574756,152.93695803472056
2020-07-14 16:06:49.561000,-10.972363013286895,6.121777494109539,152.90679358192384
2020-07-14 16:06:49.962000,-10.997565800223736,6.0873500736367205,152.9159446601866
2020-07-14 16:06:50.390000,-10.979251780299938,6.138560905788402,152.9102525247954
2020-07-14 16:06:50.766000,-10.963095113328182,6.100844654617554,152.91953008234094
2020-07-14 16:06:51.160000,-10.99448177929227,6.063037634766126,152.88886416319428
2020-07-14 16:06:51.572000,-10.898293024301026,5.954037537362359,152.87409419841487
2020-07-14 16:06:51.961000,-10.936598765618685,6.0389041512250055,152.90588073432198
2020-07-14 16:06:52.389000,-11.011502243406925,6.099187722918532,152.89881304770603
2020-07-14 16:06:52.762000,-10.989571536605158,6.06798185957291,152.90871697875582
2020-07-14 16:06:53.159000,-10.972974582890803,6.082463574995022,152.91044272265202
2020-07-14 16:06:53.561000,-11.00049503459869,6.1333514695196705,152.9041423312738
2020-07-14 16:06:53.959000,-11.021690470299413,6.134683613255664,152.90612178211444
2020-07-14 16:06:54.359000,-10.998535007662687,6.135070058359141,152.90855266690602
2020-07-14 16:06:54.771000,-10.979194066176943,6.096003809917939,152.9181798760031
2020-07-14 16:06:55.161000,-11.008987714089088,6.095872095105051,152.8800885849378
2020-07-14 16:06:55.559000,-10.990260510358482,6.142917612595826,152.87443240933652
2020-07-14 16:06:55.966000,-10.934206482290715,6.101783962074319,152.8836793639809
2020-07-14 16:06:56.362000,-10.973789102297607,6.060578757203173,152.85212583232402
2020-07-14 16:06:56.758000,-10.965321097287724,6.027609596021165,152.82142500465528
2020-07-14 16:06:57.173000,-10.999589197793583,6.039997438986747,152.78285227191324
2020-07-14 16:06:57.558000,-10.982866758510946,6.0969358991048015,152.77698214556432
2020-07-14 16:06:57.959000,-10.927079142987612,6.024419716702358,152.79377367191816
2020-07-14 16:06:58.363000,-10.968451996479585,6.037553971241844,152.75445331572345
2020-07-14 16:06:58.759000,-10.998068734310708,6.09498213862129,152.7479293059054
2020-07-14 16:06:59.160000,-11.065391107446073,6.093942778969674,152.71011296940833
2020-07-14 16:06:59.559000,-11.036187407891537,6.14006831360641,152.7055278576188
2020-07-14 16:06:59.960000,-11.016204298859686,6.090614455637332,152.67610172031024
2020-07-14 16:07:00.361000,-11.041134822420863,6.09042337292556,152.63852665767894
2020-07-14 16:07:00.759000,-11.017456986024722,6.137241112087554,152.63337111658066
2020-07-14 16:07:01.174000,-10.99687421834025,6.095949303072435,152.64314151620277
